Workbook

Sheet Stationarity ADF
A1: Part 1: Checking for stationarity (Dickey-Fuller test)
A5: Date | B5: ln(Credit) | C5: Lag ln(Credit) [y(t-1)] | D5: d(ln Credit) [Δy] | E5: Lag Δy [Δy(t-1)] | F5: d(Δy) [Δ²y]
A6: ='Growth Analysis'!A5 -> 43483 | B6: ='Growth Analysis'!D5 -> 16.049019
A7: ='Growth Analysis'!A6 -> 43511 | B7: ='Growth Analysis'!D6 -> 16.060505 | C7: =B6 -> 16.049019 | D7: =B7-C7 -> 0.011485966
A8: ='Growth Analysis'!A7 -> 43553 | B8: ='Growth Analysis'!D7 -> 16.095003 | C8: =B7 -> 16.060505 | D8: =B8-C8 -> 0.034498006 | E8: =D7 -> 0.011485966 | F8: =D8-E8 -> 0.023012039
A9: ='Growth Analysis'!A8 -> 43581 | B9: ='Growth Analysis'!D8 -> 16.079453 | C9: =B8 -> 16.095003 | D9: =B9-C9 -> -0.015550205 | E9: =D8 -> 0.034498006 | F9: =D9-E9 -> -0.050048211
A10: ='Growth Analysis'!A9 -> 43609 | B10: ='Growth Analysis'!D9 -> 16.079515 | C10: =B9 -> 16.079453 | D10: =B10-C10 -> 6.230972e-05 | E10: =D9 -> -0.015550205 | F10: =D10-E10 -> 0.015612515
A11: ='Growth Analysis'!A10 -> 43637 | B11: ='Growth Analysis'!D10 -> 16.082341 | C11: =B10 -> 16.079515 | D11: =B11-C11 -> 0.0028254124 | E11: =D10 -> 6.230972e-05 | F11: =D11-E11 -> 0.0027631027
A12: ='Growth Analysis'!A11 -> 43665 | B12: ='Growth Analysis'!D11 -> 16.083336 | C12: =B11 -> 16.082341 | D12: =B12-C12 -> 0.00099542657 | E12: =D11 -> 0.0028254124 | F12: =D12-E12 -> -0.0018299858
A13: ='Growth Analysis'!A12 -> 43707 | B13: ='Growth Analysis'!D12 -> 16.085588 | C13: =B12 -> 16.083336 | D13: =B13-C13 -> 0.0022520603 | E13: =D12 -> 0.00099542657 | F13: =D13-E13 -> 0.0012566338
A14: ='Growth Analysis'!A13 -> 43735 | B14: ='Growth Analysis'!D13 -> 16.094505 | C14: =B13 -> 16.085588 | D14: =B14-C14 -> 0.0089166405 | E14: =D13 -> 0.0022520603 | F14: =D14-E14 -> 0.0066645802
A15: ='Growth Analysis'!A14 -> 43763 | B15: ='Growth Analysis'!D14 -> 16.102023 | C15: =B14 -> 16.094505 | D15: =B15-C15 -> 0.0075184618 | E15: =D14 -> 0.0089166405 | F15: =D15-E15 -> -0.0013981788
A16: ='Growth Analysis'!A15 -> 43791 | B16: ='Growth Analysis'!D15 -> 16.104027 | C16: =B15 -> 16.102023 | D16: =B16-C16 -> 0.0020040077 | E16: =D15 -> 0.0075184618 | F16: =D16-E16 -> -0.0055144541
A17: ='Growth Analysis'!A16 -> 43819 | B17: ='Growth Analysis'!D16 -> 16.121698 | C17: =B16 -> 16.104027 | D17: =B17-C17 -> 0.017670911 | E17: =D16 -> 0.0020040077 | F17: =D17-E17 -> 0.015666903
A18: ='Growth Analysis'!A17 -> 43861 | B18: ='Growth Analysis'!D17 -> 16.128558 | C18: =B17 -> 16.121698 | D18: =B18-C18 -> 0.0068600291 | E18: =D17 -> 0.017670911 | F18: =D18-E18 -> -0.010810882
A19: ='Growth Analysis'!A18 -> 43889 | B19: ='Growth Analysis'!D18 -> 16.128528 | C19: =B18 -> 16.128558 | D19: =B19-C19 -> -3.0681345e-05 | E19: =D18 -> 0.0068600291 | F19: =D19-E19 -> -0.0068907104
... A95: ='Growth Analysis'!A94 -> 46203 | B95: ='Growth Analysis'!D94 -> 16.903292 | C95: =B94 -> 16.884306 | D95: =B95-C95 -> 0.018985769 | E95: =D94 -> 0.014236256 | F95: =D95-E95 -> 0.0047495134
A98: Test | B98: Level: ln(Gross Bank Credit) | C98: First difference (MoM growth)
A99: n (observations used) | B99: =COUNT(D7:D95) -> 89 | C99: =COUNT(F8:F95) -> 88
A100: Slope (b) | B100: =SLOPE(D7:D95,C7:C95) -> 0.0086737853 | C100: =SLOPE(F8:F95,E8:E95) -> -1.0853856
A101: Intercept (a) | B101: =INTERCEPT(D7:D95,C7:C95) -> -0.13270251 | C101: =INTERCEPT(F8:F95,E8:E95) -> 0.010387587
A102: STEYX (resid. std. error) | B102: =STEYX(D7:D95,C7:C95) -> 0.010743129 | C102: =STEYX(F8:F95,E8:E95) -> 0.010997587
A103: DEVSQ of x | B103: =DEVSQ(C7:C95) -> 5.84454 | C103: =DEVSQ(E8:E95) -> 0.01039168
A104: SE(b) = STEYX / SQRT(DEVSQ) | B104: =B102/SQRT(B103) -> 0.0044438114 | C104: =C102/SQRT(C103) -> 0.10788338
A105: t-statistic (b / SE(b)) | B105: =B100/B104 -> 1.9518797 | C105: =C100/C104 -> -10.060731
A106: MacKinnon (1994) approx. critical value, 5% (constant-only, n~100) | B106: -2.89 | C106: -2.89
A107: Conclusion | B107: =IF(B105>B106,"NON-stationary (unit root not rejected)","Stationary") -> NON-stationary (unit root not rejected) | C107: =IF(C105>C106,"NON-stationary (unit root not rejected)","Stationary") -> Stationary

Sheet Raw Data
A1: RBI Table No. 15 - Deployment of Gross Bank Credit by Major Sectors
A2: Source: RBI website, Table No. 15 (Deployment of Gross Bank Credit by Major Sectors). I downloaded this as-is and didn't edit any of the numbers. Values are in Rs. Crore.
A4: Date | B4: Gross Bank Credit | C4: Food Credit | D4: Non Food Credit | E4: Agriculture | F4: Industry | G4: Industry Micro Small | H4: Industry Medium | I4: Industry Large | J4: Services | K4: Trade | L4: NBFC | M4: Personal Loans | N4: Housing | O4: Credit Card Outstanding | P4: Vehicle Loans | Q4: Gold Jewellery Loans
A5: 43483 | B5: 9332554.6 | C5: 70948.9 | D5: 9261605.7 | E5: 1083490.2 | F5: 2715406.5 | G5: 366705.18 | H5: 103061.49 | I5: 2245639.8 | J5: 2197969 | K5: 473408.83 | L5: 662551.6 | M5: 2224620.8 | N5: 1141732.8 | O5: 83645.81 | P5: 281694.44 | Q5: 24444.88
A6: 43511 | B6: 9440365.9 | C6: 61740.17 | D6: 9378625.8 | E6: 1093808.9 | F6: 2745352.9 | G6: 366469.12 | H6: 95665.61 | I6: 2283218.2 | J6: 2219139.8 | K6: 480042.95 | L6: 707143.7 | M6: 2246808.8 | N6: 1153719.3 | O6: 82798.71 | P6: 282226.51 | Q6: 24600.01
A7: 43553 | B7: 9771722.4 | C7: 41610.33 | D7: 9730112.1 | E7: 1113066.9 | F7: 2837528.3 | G7: 371373.79 | H7: 100786.17 | I7: 2365368.4 | J7: 2340658.5 | K7: 479994.12 | L7: 751146.21 | M7: 2303143.5 | N7: 1176510.1 | O7: 87685.62 | P7: 285257.82 | Q7: 24670.77
A8: 43581 | B8: 9620945.5 | C8: 43161.73 | D8: 9577783.8 | E8: 1106651.3 | F8: 2817879.1 | G8: 375467.41 | H8: 102426.35 | I8: 2339985.4 | J8: 2279245.1 | K8: 488789.7 | L8: 725245.92 | M8: 2308478.9 | N8: 1187097.8 | O8: 91931.27 | P8: 285567.84 | Q8: 24577.71
A9: 43609 | B9: 9621545 | C9: 65722.59 | D9: 9555822.4 | E9: 1100190.9 | F9: 2771472 | G9: 356696.46 | H9: 99345.32 | I9: 2315430.2 | J9: 2231603.9 | K9: 476998.73 | L9: 705605.83 | M9: 2321474.5 | N9: 1192750.2 | O9: 93038.7 | P9: 287246.09 | Q9: 25849.01
A10: 43637 | B10: 9648768.3 | C10: 71419.48 | D10: 9577348.8 | E10: 1099263.5 | F10: 2780229.1 | G10: 355198.47 | H10: 99453.24 | I10: 2325577.4 | J10: 2232076.5 | K10: 477763.23 | L10: 708269.67 | M10: 2339939.6 | N10: 1208164.1 | O10: 94292.74 | P10: 286279.3 | Q10: 27102.28
A11: 43665 | B11: 9658377.7 | C11: 66001.53 | D11: 9592376.2 | E11: 1107296.3 | F11: 2761535 | G11: 355607.63 | H11: 99649.73 | I11: 2306277.7 | J11: 2251034 | K11: 484917.07 | L11: 735161.49 | M11: 2367432.3 | N11: 1222853.7 | O11: 93377.19 | P11: 287772.52 | Q11: 27214.94
A12: 43707 | B12: 9680153.4 | C12: 62391.61 | D12: 9617761.8 | E12: 1108772.3 | F12: 2737076 | G12: 363984.51 | H12: 101254.61 | I12: 2271836.9 | J12: 2269022.5 | K12: 474172.16 | L12: 770593.19 | M12: 2387855.1 | N12: 1236210.9 | O12: 96972.74 | P12: 289025.36 | Q12: 27598.38
A13: 43735 | B13: 9766853.9 | C13: 60085.07 | D13: 9706768.8 | E13: 1123070.6 | F13: 2730943.2 | G13: 370444.47 | H13: 101777.96 | I13: 2258720.8 | J13: 2321272.9 | K13: 479134.01 | L13: 799158.88 | M13: 2425102.4 | N13: 1255411.2 | O13: 98607.5 | P13: 289152.97 | Q13: 28828.15
A14: 43763 | B14: 9840562.3 | C14: 69778.61 | D14: 9770783.7 | E14: 1174598.1 | F14: 2892419 | G14: 384347.29 | H14: 106260.38 | I14: 2401811.3 | J14: 2465636.5 | K14: 504713.98 | L14: 814566.33 | M14: 2561501.6 | N14: 1295242.2 | O14: 113798.86 | P14: 322367.84 | Q14: 28926.07
A15: 43791 | B15: 9860302.6 | C15: 91304.09 | D15: 9768998.6 | E15: 1176104.4 | F15: 2866553.9 | G15: 387509.92 | H15: 104484.63 | I15: 2374559.3 | J15: 2465378.5 | K15: 490070.12 | L15: 836140.62 | M15: 2578861.9 | N15: 1302222.9 | O15: 114898.72 | P15: 323778.44 | Q15: 29276.84
A16: 43819 | B16: 10036092 | C16: 83502.17 | D16: 9952589.6 | E16: 1177788.2 | F16: 2848416.1 | G16: 381558.32 | H16: 106798.42 | I16: 2360059.4 | J16: 2482562 | K16: 503873.93 | L16: 846292.74 | M16: 2604683.6 | N16: 1303749.9 | O16: 115188.48 | P16: 325253.36 | Q16: 29104.55
... A94: 46203 | B94: 21928365 | C94: 132049.25 | D94: 21796315 | E94: 2693966.8 | F94: 4771513 | G94: 1083665.4 | H94: 470265.8 | I94: 3217581.9 | J94: 6153049.8 | K94: 1387019.6 | L94: 2110374 | M94: 7113585.5 | N94: 3403805.5 | O94: 298280.4 | P94: 754369.99 | Q94: 535544

Sheet Growth Analysis
A1: Part 0: Looking at the credit level and its growth rate
A4: Date | B4: t (0-based month index) | C4: Gross Bank Credit | D4: ln(Gross Bank Credit) | E4: MoM growth (log-diff, %) | F4: Approx. YoY growth (%) | G4: 12-mo rolling std dev of MoM growth
A5: ='Raw Data'!A5 -> 43483 | B5: =ROW()-5 -> 0 | C5: ='Raw Data'!B5 -> 9332554.6 | D5: =LN(C5) -> 16.049019
A6: ='Raw Data'!A6 -> 43511 | B6: =ROW()-5 -> 1 | C6: ='Raw Data'!B6 -> 9440365.9 | D6: =LN(C6) -> 16.060505 | E6: =(D6-D5)*100 -> 1.1485966
A7: ='Raw Data'!A7 -> 43553 | B7: =ROW()-5 -> 2 | C7: ='Raw Data'!B7 -> 9771722.4 | D7: =LN(C7) -> 16.095003 | E7: =(D7-D6)*100 -> 3.4498006
A8: ='Raw Data'!A8 -> 43581 | B8: =ROW()-5 -> 3 | C8: ='Raw Data'!B8 -> 9620945.5 | D8: =LN(C8) -> 16.079453 | E8: =(D8-D7)*100 -> -1.5550205
A9: ='Raw Data'!A9 -> 43609 | B9: =ROW()-5 -> 4 | C9: ='Raw Data'!B9 -> 9621545 | D9: =LN(C9) -> 16.079515 | E9: =(D9-D8)*100 -> 0.006230972
A10: ='Raw Data'!A10 -> 43637 | B10: =ROW()-5 -> 5 | C10: ='Raw Data'!B10 -> 9648768.3 | D10: =LN(C10) -> 16.082341 | E10: =(D10-D9)*100 -> 0.28254124
A11: ='Raw Data'!A11 -> 43665 | B11: =ROW()-5 -> 6 | C11: ='Raw Data'!B11 -> 9658377.7 | D11: =LN(C11) -> 16.083336 | E11: =(D11-D10)*100 -> 0.099542657
A12: ='Raw Data'!A12 -> 43707 | B12: =ROW()-5 -> 7 | C12: ='Raw Data'!B12 -> 9680153.4 | D12: =LN(C12) -> 16.085588 | E12: =(D12-D11)*100 -> 0.22520603
A13: ='Raw Data'!A13 -> 43735 | B13: =ROW()-5 -> 8 | C13: ='Raw Data'!B13 -> 9766853.9 | D13: =LN(C13) -> 16.094505 | E13: =(D13-D12)*100 -> 0.89166405
A14: ='Raw Data'!A14 -> 43763 | B14: =ROW()-5 -> 9 | C14: ='Raw Data'!B14 -> 9840562.3 | D14: =LN(C14) -> 16.102023 | E14: =(D14-D13)*100 -> 0.75184618
A15: ='Raw Data'!A15 -> 43791 | B15: =ROW()-5 -> 10 | C15: ='Raw Data'!B15 -> 9860302.6 | D15: =LN(C15) -> 16.104027 | E15: =(D15-D14)*100 -> 0.20040077
A16: ='Raw Data'!A16 -> 43819 | B16: =ROW()-5 -> 11 | C16: ='Raw Data'!B16 -> 10036092 | D16: =LN(C16) -> 16.121698 | E16: =(D16-D15)*100 -> 1.7670911
A17: ='Raw Data'!A17 -> 43861 | B17: =ROW()-5 -> 12 | C17: ='Raw Data'!B17 -> 10105176 | D17: =LN(C17) -> 16.128558 | E17: =(D17-D16)*100 -> 0.68600291 | F17: =(D17-D5)*100 -> 7.9539026 | G17: =STDEV(E6:E17) -> 1.187076
A18: ='Raw Data'!A18 -> 43889 | B18: =ROW()-5 -> 13 | C18: ='Raw Data'!B18 -> 10104866 | D18: =LN(C18) -> 16.128528 | E18: =(D18-D17)*100 -> -0.0030681345 | F18: =(D18-D6)*100 -> 6.8022378 | G18: =STDEV(E7:E18) -> 1.1907811
A19: ='Raw Data'!A19 -> 43917 | B19: =ROW()-5 -> 14 | C19: ='Raw Data'!B19 -> 10370861 | D19: =LN(C19) -> 16.154511 | E19: =(D19-D18)*100 -> 2.5982895 | F19: =(D19-D7)*100 -> 5.9507267 | G19: =STDEV(E8:E19) -> 1.0158955
A20: ='Raw Data'!A20 -> 43945 | B20: =ROW()-5 -> 15 | C20: ='Raw Data'!B20 -> 10273416 | D20: =LN(C20) -> 16.14507 | E20: =(D20-D19)*100 -> -0.94404491 | F20: =(D20-D8)*100 -> 6.5617023 | G20: =STDEV(E9:E20) -> 0.91395978
A21: ='Raw Data'!A21 -> 43973 | B21: =ROW()-5 -> 16 | C21: ='Raw Data'!B21 -> 10222753 | D21: =LN(C21) -> 16.140126 | E21: =(D21-D20)*100 -> -0.4943627 | F21: =(D21-D9)*100 -> 6.0611087 | G21: =STDEV(E10:E21) -> 0.95152881
A22: ='Raw Data'!A22 -> 44001 | B22: =ROW()-5 -> 17 | C22: ='Raw Data'!B22 -> 10245677 | D22: =LN(C22) -> 16.142366 | E22: =(D22-D21)*100 -> 0.22399662 | F22: =(D22-D10)*100 -> 6.0025641 | G22: =STDEV(E11:E22) -> 0.95292268
A23: ='Raw Data'!A23 -> 44043 | B23: =ROW()-5 -> 18 | C23: ='Raw Data'!B23 -> 10282057 | D23: =LN(C23) -> 16.145911 | E23: =(D23-D22)*100 -> 0.354442 | F23: =(D23-D11)*100 -> 6.2574634 | G23: =STDEV(E12:E23) -> 0.94599518
A24: ='Raw Data'!A24 -> 44071 | B24: =ROW()-5 -> 19 | C24: ='Raw Data'!B24 -> 10216158 | D24: =LN(C24) -> 16.139481 | E24: =(D24-D23)*100 -> -0.64297381 | F24: =(D24-D12)*100 -> 5.3892836 | G24: =STDEV(E13:E24) -> 1.0022382
A25: ='Raw Data'!A25 -> 44099 | B25: =ROW()-5 -> 20 | C25: ='Raw Data'!B25 -> 10271581 | D25: =LN(C25) -> 16.144892 | E25: =(D25-D24)*100 -> 0.54103681 | F25: =(D25-D13)*100 -> 5.0386563 | G25: =STDEV(E14:E25) -> 0.99323371
A26: ='Raw Data'!A26 -> 44127 | B26: =ROW()-5 -> 21 | C26: ='Raw Data'!B26 -> 10338868 | D26: =LN(C26) -> 16.151421 | E26: =(D26-D25)*100 -> 0.65294171 | F26: =(D26-D14)*100 -> 4.9397518 | G26: =STDEV(E15:E26) -> 0.9906356
A27: ='Raw Data'!A27 -> 44155 | B27: =ROW()-5 -> 22 | C27: ='Raw Data'!B27 -> 10434880 | D27: =LN(C27) -> 16.160665 | E27: =(D27-D26)*100 -> 0.92437001 | F27: =(D27-D15)*100 -> 5.6637211 | G27: =STDEV(E16:E27) -> 0.99861411
A28: ='Raw Data'!A28 -> 44183 | B28: =ROW()-5 -> 23 | C28: ='Raw Data'!B28 -> 10702596 | D28: =LN(C28) -> 16.185997 | E28: =(D28-D27)*100 -> 2.5332299 | F28: =(D28-D16)*100 -> 6.4298599 | G28: =STDEV(E17:E28) -> 1.1074976
... A94: ='Raw Data'!A94 -> 46203 | B94: =ROW()-5 -> 89 | C94: ='Raw Data'!B94 -> 21928365 | D94: =LN(C94) -> 16.903292 | E94: =(D94-D93)*100 -> 1.8985769 | F94: =(D94-D82)*100 -> 17.07565 | G94: =STDEV(E83:E94) -> 1.2770941

Sheet Chow Test
A1: Part 2: Did the trend break at a date I already suspect?
A4: Full-sample (pooled) regression of ln(Credit) on t
A5: n (total) | B5: 90
A6: STEYX (pooled) | B6: =STEYX('Growth Analysis'!$D$5:$D$94,'Growth Analysis'!$B$5:$B$94) -> 0.04304902
A7: SSR (pooled) = STEYX^2 * (n-2) | B7: =B6^2*(B5-2) -> 0.1630832
A9: Break hypothesis | B9: Break date (input) | C9: n1 (obs before) | D9: n2 (obs after) | E9: SSR1 | F9: SSR2 | G9: F-statistic | H9: p-value | I9: Slope before (%/month) | J9: Slope after (%/month) | K9: Conclusion (5%)
A10: COVID lockdown | B10: 43915 | C10: =COUNTIF('Growth Analysis'!$A$5:$A$94,"<"&B10) -> 14 | D10: =$B$5-C10 -> 76 | E10: =STEYX(OFFSET('Growth Analysis'!$D$5,0,0,C10,1),OFFSET('Growth Analysis'!$B$5,0,0,C10,1))^2*(C10-2) -> 0.0011257908 | F10: =STEYX(OFFSET('Growth Analysis'!$D$5,C10,0,D10,1),OFFSET('Growth Analysis'!$B$5,C10,0,D10,1))^2*(D10-2) -> 0.067612553 | G10: =(($B$7-(E10+F10))/2)/((E10+F10)/($B$5-4)) -> 59.018423 | H10: =FDIST(G10,2,$B$5-4) -> 7.3445214e-17 | I10: =SLOPE(OFFSET('Growth Analysis'!$D$5,0,0,C10,1),OFFSET('Growth Analysis'!$B$5,0,0,C10,1))*100 -> 0.5155499 | J10: =SLOPE(OFFSET('Growth Analysis'!$D$5,C10,0,D10,1),OFFSET('Growth Analysis'!$B$5,C10,0,D10,1))*100 -> 1.0877613 | K10: =IF(H10<0.05,"Significant structural break","No significant break") -> Significant structural break
A11: SIBC coverage widened | B11: 44287 | C11: =COUNTIF('Growth Analysis'!$A$5:$A$94,"<"&B11) -> 27 | D11: =$B$5-C11 -> 63 | E11: =STEYX(OFFSET('Growth Analysis'!$D$5,0,0,C11,1),OFFSET('Growth Analysis'!$B$5,0,0,C11,1))^2*(C11-2) -> 0.0031389615 | F11: =STEYX(OFFSET('Growth Analysis'!$D$5,C11,0,D11,1),OFFSET('Growth Analysis'!$B$5,C11,0,D11,1))^2*(D11-2) -> 0.026247549 | G11: =(($B$7-(E11+F11))/2)/((E11+F11)/($B$5-4)) -> 195.63254 | H11: =FDIST(G11,2,$B$5-4) -> 9.9258662e-33 | I11: =SLOPE(OFFSET('Growth Analysis'!$D$5,0,0,C11,1),OFFSET('Growth Analysis'!$B$5,0,0,C11,1))*100 -> 0.51086166 | J11: =SLOPE(OFFSET('Growth Analysis'!$D$5,C11,0,D11,1),OFFSET('Growth Analysis'!$B$5,C11,0,D11,1))*100 -> 1.1731651 | K11: =IF(H11<0.05,"Significant structural break","No significant break") -> Significant structural break
A12: HDFC-HDFC Bank merger | B12: 45108 | C12: =COUNTIF('Growth Analysis'!$A$5:$A$94,"<"&B12) -> 54 | D12: =$B$5-C12 -> 36 | E12: =STEYX(OFFSET('Growth Analysis'!$D$5,0,0,C12,1),OFFSET('Growth Analysis'!$B$5,0,0,C12,1))^2*(C12-2) -> 0.042062192 | F12: =STEYX(OFFSET('Growth Analysis'!$D$5,C12,0,D12,1),OFFSET('Growth Analysis'!$B$5,C12,0,D12,1))^2*(D12-2) -> 0.009381711 | G12: =(($B$7-(E12+F12))/2)/((E12+F12)/($B$5-4)) -> 93.315036 | H12: =FDIST(G12,2,$B$5-4) -> 2.8429017e-22 | I12: =SLOPE(OFFSET('Growth Analysis'!$D$5,0,0,C12,1),OFFSET('Growth Analysis'!$B$5,0,0,C12,1))*100 -> 0.73029184 | J12: =SLOPE(OFFSET('Growth Analysis'!$D$5,C12,0,D12,1),OFFSET('Growth Analysis'!$B$5,C12,0,D12,1))*100 -> 1.0163296 | K12: =IF(H12<0.05,"Significant structural break","No significant break") -> Significant structural break

Sheet Breakpoint Scan
A1: Part 3: Letting the data pick the break date itself
A4: c (obs. in segment 1) | B4: Break date (first obs. of segment 2) | C4: SSR segment 1 | D4: SSR segment 2 | E4: Total SSR
A5: 13 | B5: ='Growth Analysis'!A18 -> 43889 | C5: =STEYX(OFFSET('Growth Analysis'!$D$5,0,0,A5,1),OFFSET('Growth Analysis'!$B$5,0,0,A5,1))^2*(A5-2) -> 0.0011168228 | D5: =STEYX(OFFSET('Growth Analysis'!$D$5,A5,0,90-A5,1),OFFSET('Growth Analysis'!$B$5,A5,0,90-A5,1))^2*(90-A5-2) -> 0.073261638 | E5: =C5+D5 -> 0.074378461
A6: 14 | B6: ='Growth Analysis'!A19 -> 43917 | C6: =STEYX(OFFSET('Growth Analysis'!$D$5,0,0,A6,1),OFFSET('Growth Analysis'!$B$5,0,0,A6,1))^2*(A6-2) -> 0.0011257908 | D6: =STEYX(OFFSET('Growth Analysis'!$D$5,A6,0,90-A6,1),OFFSET('Growth Analysis'!$B$5,A6,0,90-A6,1))^2*(90-A6-2) -> 0.067612553 | E6: =C6+D6 -> 0.068738344
A7: 15 | B7: ='Growth Analysis'!A20 -> 43945 | C7: =STEYX(OFFSET('Growth Analysis'!$D$5,0,0,A7,1),OFFSET('Growth Analysis'!$B$5,0,0,A7,1))^2*(A7-2) -> 0.0015413246 | D7: =STEYX(OFFSET('Growth Analysis'!$D$5,A7,0,90-A7,1),OFFSET('Growth Analysis'!$B$5,A7,0,90-A7,1))^2*(90-A7-2) -> 0.058638104 | E7: =C7+D7 -> 0.060179429
A8: 16 | B8: ='Growth Analysis'!A21 -> 43973 | C8: =STEYX(OFFSET('Growth Analysis'!$D$5,0,0,A8,1),OFFSET('Growth Analysis'!$B$5,0,0,A8,1))^2*(A8-2) -> 0.001546425 | D8: =STEYX(OFFSET('Growth Analysis'!$D$5,A8,0,90-A8,1),OFFSET('Growth Analysis'!$B$5,A8,0,90-A8,1))^2*(90-A8-2) -> 0.052404913 | E8: =C8+D8 -> 0.053951338
A9: 17 | B9: ='Growth Analysis'!A22 -> 44001 | C9: =STEYX(OFFSET('Growth Analysis'!$D$5,0,0,A9,1),OFFSET('Growth Analysis'!$B$5,0,0,A9,1))^2*(A9-2) -> 0.0016065652 | D9: =STEYX(OFFSET('Growth Analysis'!$D$5,A9,0,90-A9,1),OFFSET('Growth Analysis'!$B$5,A9,0,90-A9,1))^2*(90-A9-2) -> 0.047930858 | E9: =C9+D9 -> 0.049537423
A10: 18 | B10: ='Growth Analysis'!A23 -> 44043 | C10: =STEYX(OFFSET('Growth Analysis'!$D$5,0,0,A10,1),OFFSET('Growth Analysis'!$B$5,0,0,A10,1))^2*(A10-2) -> 0.0016901839 | D10: =STEYX(OFFSET('Growth Analysis'!$D$5,A10,0,90-A10,1),OFFSET('Growth Analysis'!$B$5,A10,0,90-A10,1))^2*(90-A10-2) -> 0.044147324 | E10: =C10+D10 -> 0.045837508
A11: 19 | B11: ='Growth Analysis'!A24 -> 44071 | C11: =STEYX(OFFSET('Growth Analysis'!$D$5,0,0,A11,1),OFFSET('Growth Analysis'!$B$5,0,0,A11,1))^2*(A11-2) -> 0.0017716209 | D11: =STEYX(OFFSET('Growth Analysis'!$D$5,A11,0,90-A11,1),OFFSET('Growth Analysis'!$B$5,A11,0,90-A11,1))^2*(90-A11-2) -> 0.040881803 | E11: =C11+D11 -> 0.042653424
A12: 20 | B12: ='Growth Analysis'!A25 -> 44099 | C12: =STEYX(OFFSET('Growth Analysis'!$D$5,0,0,A12,1),OFFSET('Growth Analysis'!$B$5,0,0,A12,1))^2*(A12-2) -> 0.0020913312 | D12: =STEYX(OFFSET('Growth Analysis'!$D$5,A12,0,90-A12,1),OFFSET('Growth Analysis'!$B$5,A12,0,90-A12,1))^2*(90-A12-2) -> 0.039097285 | E12: =C12+D12 -> 0.041188616
A13: 21 | B13: ='Growth Analysis'!A26 -> 44127 | C13: =STEYX(OFFSET('Growth Analysis'!$D$5,0,0,A13,1),OFFSET('Growth Analysis'!$B$5,0,0,A13,1))^2*(A13-2) -> 0.0022948089 | D13: =STEYX(OFFSET('Growth Analysis'!$D$5,A13,0,90-A13,1),OFFSET('Growth Analysis'!$B$5,A13,0,90-A13,1))^2*(90-A13-2) -> 0.037604194 | E13: =C13+D13 -> 0.039899003
A14: 22 | B14: ='Growth Analysis'!A27 -> 44155 | C14: =STEYX(OFFSET('Growth Analysis'!$D$5,0,0,A14,1),OFFSET('Growth Analysis'!$B$5,0,0,A14,1))^2*(A14-2) -> 0.0023990622 | D14: =STEYX(OFFSET('Growth Analysis'!$D$5,A14,0,90-A14,1),OFFSET('Growth Analysis'!$B$5,A14,0,90-A14,1))^2*(90-A14-2) -> 0.036311094 | E14: =C14+D14 -> 0.038710156
A15: 23 | B15: ='Growth Analysis'!A28 -> 44183 | C15: =STEYX(OFFSET('Growth Analysis'!$D$5,0,0,A15,1),OFFSET('Growth Analysis'!$B$5,0,0,A15,1))^2*(A15-2) -> 0.0024177516 | D15: =STEYX(OFFSET('Growth Analysis'!$D$5,A15,0,90-A15,1),OFFSET('Growth Analysis'!$B$5,A15,0,90-A15,1))^2*(90-A15-2) -> 0.035022446 | E15: =C15+D15 -> 0.037440198
A16: 24 | B16: ='Growth Analysis'!A29 -> 44225 | C16: =STEYX(OFFSET('Growth Analysis'!$D$5,0,0,A16,1),OFFSET('Growth Analysis'!$B$5,0,0,A16,1))^2*(A16-2) -> 0.0026546935 | D16: =STEYX(OFFSET('Growth Analysis'!$D$5,A16,0,90-A16,1),OFFSET('Growth Analysis'!$B$5,A16,0,90-A16,1))^2*(90-A16-2) -> 0.032277142 | E16: =C16+D16 -> 0.034931835
... A68: 76 | B68: ='Growth Analysis'!A81 -> 45807 | C68: =STEYX(OFFSET('Growth Analysis'!$D$5,0,0,A68,1),OFFSET('Growth Analysis'!$B$5,0,0,A68,1))^2*(A68-2) -> 0.14346955 | D68: =STEYX(OFFSET('Growth Analysis'!$D$5,A68,0,90-A68,1),OFFSET('Growth Analysis'!$B$5,A68,0,90-A68,1))^2*(90-A68-2) -> 0.001370384 | E68: =C68+D68 -> 0.14483993
A70: Minimum Total SSR | B70: =MIN(E5:E68) -> 0.026685743
A71: Best-fit break date | B71: =INDEX(B5:B68,MATCH(B70,E5:E68,0)) -> 44561
A72: Best-fit c (obs. before break) | B72: =INDEX(A5:A68,MATCH(B70,E5:E68,0)) -> 35
A73: Slope before break (%/month) | B73: =SLOPE(OFFSET('Growth Analysis'!$D$5,0,0,B72,1),OFFSET('Growth Analysis'!$B$5,0,0,B72,1))*100 -> 0.48987926
A74: Slope after break (%/month) | B74: =SLOPE(OFFSET('Growth Analysis'!$D$5,B72,0,90-B72,1),OFFSET('Growth Analysis'!$B$5,B72,0,90-B72,1))*100 -> 1.1710311

Sheet Sector Composition
A1: Part 4: Has the MIX of sectors changed, not just the total?
A4: Date | B4: t (month index) | C4: Agriculture (%) | D4: Industry (%) | E4: Services (%) | F4: Personal Loans (%)
A5: ='Growth Analysis'!A5 -> 43483 | B5: ='Growth Analysis'!B5 -> 0 | C5: ='Raw Data'!E5/'Raw Data'!D5*100 -> 11.698729 | D5: ='Raw Data'!F5/'Raw Data'!D5*100 -> 29.31896 | E5: ='Raw Data'!J5/'Raw Data'!D5*100 -> 23.732052 | F5: ='Raw Data'!M5/'Raw Data'!D5*100 -> 24.019817
A6: ='Growth Analysis'!A6 -> 43511 | B6: ='Growth Analysis'!B6 -> 1 | C6: ='Raw Data'!E6/'Raw Data'!D6*100 -> 11.662785 | D6: ='Raw Data'!F6/'Raw Data'!D6*100 -> 29.272444 | E6: ='Raw Data'!J6/'Raw Data'!D6*100 -> 23.661674 | F6: ='Raw Data'!M6/'Raw Data'!D6*100 -> 23.956695
A7: ='Growth Analysis'!A7 -> 43553 | B7: ='Growth Analysis'!B7 -> 2 | C7: ='Raw Data'!E7/'Raw Data'!D7*100 -> 11.439405 | D7: ='Raw Data'!F7/'Raw Data'!D7*100 -> 29.16234 | E7: ='Raw Data'!J7/'Raw Data'!D7*100 -> 24.055823 | F7: ='Raw Data'!M7/'Raw Data'!D7*100 -> 23.670267
A8: ='Growth Analysis'!A8 -> 43581 | B8: ='Growth Analysis'!B8 -> 3 | C8: ='Raw Data'!E8/'Raw Data'!D8*100 -> 11.554356 | D8: ='Raw Data'!F8/'Raw Data'!D8*100 -> 29.420993 | E8: ='Raw Data'!J8/'Raw Data'!D8*100 -> 23.797208 | F8: ='Raw Data'!M8/'Raw Data'!D8*100 -> 24.102432
A9: ='Growth Analysis'!A9 -> 43609 | B9: ='Growth Analysis'!B9 -> 4 | C9: ='Raw Data'!E9/'Raw Data'!D9*100 -> 11.513304 | D9: ='Raw Data'!F9/'Raw Data'!D9*100 -> 29.002966 | E9: ='Raw Data'!J9/'Raw Data'!D9*100 -> 23.353342 | F9: ='Raw Data'!M9/'Raw Data'!D9*100 -> 24.293822
A10: ='Growth Analysis'!A10 -> 43637 | B10: ='Growth Analysis'!B10 -> 5 | C10: ='Raw Data'!E10/'Raw Data'!D10*100 -> 11.477744 | D10: ='Raw Data'!F10/'Raw Data'!D10*100 -> 29.029214 | E10: ='Raw Data'!J10/'Raw Data'!D10*100 -> 23.305786 | F10: ='Raw Data'!M10/'Raw Data'!D10*100 -> 24.432018
A11: ='Growth Analysis'!A11 -> 43665 | B11: ='Growth Analysis'!B11 -> 6 | C11: ='Raw Data'!E11/'Raw Data'!D11*100 -> 11.543504 | D11: ='Raw Data'!F11/'Raw Data'!D11*100 -> 28.788852 | E11: ='Raw Data'!J11/'Raw Data'!D11*100 -> 23.466907 | F11: ='Raw Data'!M11/'Raw Data'!D11*100 -> 24.680353
A12: ='Growth Analysis'!A12 -> 43707 | B12: ='Growth Analysis'!B12 -> 7 | C12: ='Raw Data'!E12/'Raw Data'!D12*100 -> 11.528382 | D12: ='Raw Data'!F12/'Raw Data'!D12*100 -> 28.458554 | E12: ='Raw Data'!J12/'Raw Data'!D12*100 -> 23.592002 | F12: ='Raw Data'!M12/'Raw Data'!D12*100 -> 24.827555
A13: ='Growth Analysis'!A13 -> 43735 | B13: ='Growth Analysis'!B13 -> 8 | C13: ='Raw Data'!E13/'Raw Data'!D13*100 -> 11.569974 | D13: ='Raw Data'!F13/'Raw Data'!D13*100 -> 28.134421 | E13: ='Raw Data'!J13/'Raw Data'!D13*100 -> 23.913961 | F13: ='Raw Data'!M13/'Raw Data'!D13*100 -> 24.983622
A14: ='Growth Analysis'!A14 -> 43763 | B14: ='Growth Analysis'!B14 -> 9 | C14: ='Raw Data'!E14/'Raw Data'!D14*100 -> 12.021535 | D14: ='Raw Data'!F14/'Raw Data'!D14*100 -> 29.602733 | E14: ='Raw Data'!J14/'Raw Data'!D14*100 -> 25.234788 | F14: ='Raw Data'!M14/'Raw Data'!D14*100 -> 26.215928
A15: ='Growth Analysis'!A15 -> 43791 | B15: ='Growth Analysis'!B15 -> 10 | C15: ='Raw Data'!E15/'Raw Data'!D15*100 -> 12.03915 | D15: ='Raw Data'!F15/'Raw Data'!D15*100 -> 29.343375 | E15: ='Raw Data'!J15/'Raw Data'!D15*100 -> 25.236757 | F15: ='Raw Data'!M15/'Raw Data'!D15*100 -> 26.398426
A16: ='Growth Analysis'!A16 -> 43819 | B16: ='Growth Analysis'!B16 -> 11 | C16: ='Raw Data'!E16/'Raw Data'!D16*100 -> 11.833988 | D16: ='Raw Data'!F16/'Raw Data'!D16*100 -> 28.619849 | E16: ='Raw Data'!J16/'Raw Data'!D16*100 -> 24.943879 | F16: ='Raw Data'!M16/'Raw Data'!D16*100 -> 26.170914
... A94: ='Growth Analysis'!A94 -> 46203 | B94: ='Growth Analysis'!B94 -> 89 | C94: ='Raw Data'!E94/'Raw Data'!D94*100 -> 12.359735 | D94: ='Raw Data'!F94/'Raw Data'!D94*100 -> 21.891374 | E94: ='Raw Data'!J94/'Raw Data'!D94*100 -> 28.22977 | F94: ='Raw Data'!M94/'Raw Data'!D94*100 -> 32.636642
A96: Sector | B96: Avg. share, first 12 months (%) | C96: Avg. share, last 12 months (%) | D96: Change (pp) | E96: Trend slope (pp/year) | F96: t-statistic | G96: p-value | H96: Conclusion (5%)
A97: Agriculture | B97: =AVERAGE(C5:C16) -> 11.656905 | C97: =AVERAGE(C83:C94) -> 12.418876 | D97: =C97-B97 -> 0.76197179 | E97: =SLOPE(C$5:C$94,$B$5:$B$94)*12 -> 0.11162478 | F97: =SLOPE(C$5:C$94,$B$5:$B$94)/(STEYX(C$5:C$94,$B$5:$B$94)/SQRT(DEVSQ($B$5:$B$94))) -> 7.1372464 | G97: =TDIST(ABS(F97),90-2,2) -> 2.5773168e-10 | H97: =IF(G97<0.05,"Significant structural drift","No significant trend") -> Significant structural drift
A98: Industry | B98: =AVERAGE(D5:D16) -> 29.012892 | C98: =AVERAGE(D83:D94) -> 21.677616 | D98: =C98-B98 -> -7.3352754 | E98: =SLOPE(D$5:D$94,$B$5:$B$94)*12 -> -1.2602834 | F98: =SLOPE(D$5:D$94,$B$5:$B$94)/(STEYX(D$5:D$94,$B$5:$B$94)/SQRT(DEVSQ($B$5:$B$94))) -> -41.563832 | G98: =TDIST(ABS(F98),90-2,2) -> 1.2585267e-59 | H98: =IF(G98<0.05,"Significant structural drift","No significant trend") -> Significant structural drift
A99: Services | B99: =AVERAGE(E5:E16) -> 24.024515 | C99: =AVERAGE(E83:E94) -> 27.866878 | D99: =C99-B99 -> 3.8423626 | E99: =SLOPE(E$5:E$94,$B$5:$B$94)*12 -> 0.55629984 | F99: =SLOPE(E$5:E$94,$B$5:$B$94)/(STEYX(E$5:E$94,$B$5:$B$94)/SQRT(DEVSQ($B$5:$B$94))) -> 21.751022 | G99: =TDIST(ABS(F99),90-2,2) -> 3.6630571e-37 | H99: =IF(G99<0.05,"Significant structural drift","No significant trend") -> Significant structural drift
A100: Personal Loans | B100: =AVERAGE(F5:F16) -> 24.812654 | C100: =AVERAGE(F83:F94) -> 33.072871 | D100: =C100-B100 -> 8.2602167 | E100: =SLOPE(F$5:F$94,$B$5:$B$94)*12 -> 1.3239733 | F100: =SLOPE(F$5:F$94,$B$5:$B$94)/(STEYX(F$5:F$94,$B$5:$B$94)/SQRT(DEVSQ($B$5:$B$94))) -> 34.93011 | G100: =TDIST(ABS(F100),90-2,2) -> 2.3339561e-53 | H100: =IF(G100<0.05,"Significant structural drift","No significant trend") -> Significant structural drift

Sheet Summary
A1: Is There a Structural Change in India's Bank Credit? (2019-2026)
A3: Part 1 & 2 is there a break in the overall trend?
A4: Result | B4: Value
A5: ADF t-stat, log(credit) LEVEL | B5: ='Stationarity ADF'!B105 -> 1.9518797
A6: ADF t-stat, credit GROWTH RATE (first diff.) | B6: ='Stationarity ADF'!C105 -> -10.060731
A7: Chow F-stat @ COVID (Mar 2020) | B7: ='Chow Test'!G10 -> 59.018423
A8: Chow p-value @ COVID (Mar 2020) | B8: ='Chow Test'!H10 -> 7.3445214e-17
A9: Chow F-stat @ SIBC coverage widened (Apr 2021) | B9: ='Chow Test'!G11 -> 195.63254
A10: Chow F-stat @ HDFC merger (Jul 2023) | B10: ='Chow Test'!G12 -> 93.315036
A11: Best-fit break date (unassumed, data-driven) | B11: ='Breakpoint Scan'!B71 -> 44561
A12: Growth rate BEFORE best-fit break (%/month) | B12: ='Breakpoint Scan'!B73 -> 0.48987926
A13: Growth rate AFTER best-fit break (%/month) | B13: ='Breakpoint Scan'!B74 -> 1.1710311
A15: Part 3 & 4 - has the sector mix shifted?
A16: Sector | B16: Share 2019 (%) | C16: Share 2026 (%) | D16: Change (pp) | E16: p-value (trend)
A17: Agriculture | B17: ='Sector Composition'!B97 -> 11.656905 | C17: ='Sector Composition'!C97 -> 12.418876 | D17: ='Sector Composition'!D97 -> 0.76197179 | E17: ='Sector Composition'!G97 -> 2.5773168e-10
A18: Industry | B18: ='Sector Composition'!B98 -> 29.012892 | C18: ='Sector Composition'!C98 -> 21.677616 | D18: ='Sector Composition'!D98 -> -7.3352754 | E18: ='Sector Composition'!G98 -> 1.2585267e-59
A19: Services | B19: ='Sector Composition'!B99 -> 24.024515 | C19: ='Sector Composition'!C99 -> 27.866878 | D19: ='Sector Composition'!D99 -> 3.8423626 | E19: ='Sector Composition'!G99 -> 3.6630571e-37
A20: Personal Loans | B20: ='Sector Composition'!B100 -> 24.812654 | C20: ='Sector Composition'!C100 -> 33.072871 | D20: ='Sector Composition'!D100 -> 8.2602167 | E20: ='Sector Composition'!G100 -> 2.3339561e-53
